id,title,artist,year,spotify

1,Wann Wird's Mal Wieder Richtig Sommer | Wann Wird Es Mal Wieder Richtig Sommer,Rudi Carrell,1975,59VR9MekNIMRLxQYfSn3Qr
2,You Can Call Me AI,Paul Simon,1986,0qxYx4F3vm1AOnfux6dDxP
3,Start Me Up,The Rolling Stones,1981,7HKez549fwJQDzx3zLjHKC
4,The Twist,Chubby Checker,1960,6DSvUZQdqtNfkJI4cAiUsM
5,Blurred Lines (feat. T.I. & Pharrell Williams) | Blurred Lines,Robin Thicke,2013,2pgbGOb00WrlXY3ZRFKn7v
6,Hangover (feat. Flo Rida) | Hangover,Taio Cruz,2011,23TrBtndcavtlYBQg5GoR8
7,One More Time,Daft Punk,2000,2Uy6EhQXAYkXA6MohPgjpV
8,China In Your Hand,T'Pau,1987,3U9B0ZcnVPisVh9wGOg6qL
9,The Best,Tina Turner,1989,6pPWRBubXOBAHnjl5ZIujB
10,The Hustle,Van McCoy & the Soul City Symphony | Van McCoy,1975,2yDXsPUm95218qlAQfnilm
11,Piece Of My Heart,Erma Franklin,1967,2GbePPrWWSRxcmW6QRSPae
12,Hunrgy Eyes,Eric Carmen,1987,7eafuv44YprITfOdzfVLoU
13,Karma Chameleon,Culture Club,1983,3XDeeP9wBZzGhIPZmLfEEx
14,99 Luftballons,Nena,1983,4ZhPLoMzZwewHLLjV1J15c
15,Beinhart,Torfrock,1990,2zygsl5Awjq2CuJc1L55x0
16,In Da Club,50 Cent,2003,7iL6o9tox1zgHpKUfh9vuC
17,Don't Go,Yazoo,1982,5JOVSWohrjXW0BFTboh8XO
18,I Wanna Dance With Somebody (Who Loves Me) | I Wanna Dance With Somebody,Whitney Houston,1987,2tUBqZG2AbRi7Q0BIrVrEj
19,7 Years,Lukas Graham,2015,5kqIPrATaCc2LqxVWzQGbk
20,Sugar-Baby,Peter Kraus,1999,6OnOIWxhezuZjF4APOl7oF
21,Lean On (feat. DJ Snake & MØ) | Lean On,Major Lazer,2015,2YWjW3wwQIBLNhxWKBQd16
22,Einmal Um Die Welt,CRO,2011,2L6hCTpUlR2p7Su3hiSB0s
23,Ich Will Keine Schokolade,Trude Herr,1959,2uwDgQNRc1zS5khCPVM0jl
24,80 Millionen,Max Giesinger,2016,4EB11zPPq3jDbhnwWpzFL9
25,Friday I'm In Love,The Cure,1992,4QlzkaRHtU8gAdwqjWmO8n
26,What Is Love,Haddaway,1993,2IHaGyfxNoFPLJnaEg4GTs
27,Auf Uns,Andreas Bourani,2014,6dXt4t5jgySnVTeTpT4C0l
28,Don't Stop Believin',Journey,1981,4bHsxqR3GMrXTxEPLuK5ue
29,Orinoco Flow,Enya,1988,0Fyj9w0HVfjoxm9S8nGClt
30,Über Den Wolken,Reinhard Mey,1974,5JSzcnZbYk3qv3nEn5Bo41
31,Rehab,Amy Winehouse,2006,3N4DI1vuTSX1tz7fa2NQZw
32,Liebeskummer Lohnt Sich Nicht,Siw Malmkvist,1964,3DMk51IjcSdYmUT51QWfm1
33,You Make Me Feel (Mighty Real) | You Make Me Feel,Sylvester,1978,0RnCUYXa7jhgTXtiMXF2PQ
34,Sweet Home Alabama,Lynyrd Skynyrd,1974,7e89621JPkKaeDSTQ3avtg
35,He Ain't Heavy He's My Brother,The Hollies,1969,6f5sSC3ORfpUMYtE4J06VW
36,Eine Neue Liebe Ist Wie Ein Neues Leben,Jürgen Marcus,1972,0oH9kW4faMsq9YgRYirgD0
37,Manic Monday,The Bangles,1985,798fUF6UnRn27xiVuKyJCi
38,Paradise By The Dashboard Light,Meat Loaf,1977,2g7gviEeJr6pyxO7G35EWQ
39,Never Ending Story,Limahl,1984,1F43XlPBiwAUUIhrUGzylO
40,Don't Call Me Up,Mabel,2019,5Xc9L411IGVexidbaF7CHG
41,Under The Bridge,Red Hot Chili Peppers,1991,3d9DChrdc6BOeFsbrZ3Is0
42,König Von Deutschland,Rio Reiser,1986,4Hg99jQ6zjks47xaH8eK40
43,Upside Down,Diana Ross,1980,6NJNZEjyCD2YWFPsBzIHnM
44,Don't Speak,No Doubt,1995,6JGQ98So2ik5GVI9ydQ2Yh
45,(I Can't Get No) Satisfaction,The Rolling Stones,1965,1b6AW6uDrtrUN0Y6GJR45j
46,Dilemma (feat. Kelly Rowland) | Dilemma,Nelly,2002,14MgTooapmJdLlEMAr2zAM
47,Lola,The Kinks,1970,0UAJH0k4k3slcE83a9UGCe
48,Captain Jack,Captain Jack,1995,2L5FEDC0MU2a6OEkLjByEd
49,True Colors,Cyndi Lauper,1986,2A6yzRGMgSQCUapR2ptm6A
50,Hey Ya!,Outkast,2003,2PpruBYCo4H7WOBJ7Q2EwM
51,Guajira Guantanamera,Joseito Fernandez,1929,0KMGf0ebdR8aazf1PoHEdb
52,La Cintura,Alvaro Soler,2018,6jS8cXW9QsiQKiQ3LFiM4n
53,Sick And Tired,Anastacia,2004,6WMQVizkSPAufOGOk2x4dL
54,If You Leave Me Now,Chicago,1976,0KMGxYKeUzK9wc5DZCt3HT
55,Siebzehn Jahr blondes Haar,Udo Jürgens,1965,6RTEzkbTQCivNPX5ShoJVv
56,Murder On The Dancefloor,Sophie Ellis-Bextor,2001,5rtpGGu3bPKsJEFjDGs63M
57,Sing Hallelujah!,Dr. Alban,1992,01kVVoJQuWVqaOvRgRztJD
58,Set Fire To The Rain,Adele,2011,3di5hcvxxciiqwMH1jarhY
59,Herz an Herz,Blümchen,1996,1X7654uBsdVKnZAqyIJT7y
60,Tage Wie Diese,Die Toten Hosen,2012,2lYsCjTvXIHOqT8xSbK2jq
61,Sweet Caroline,Neil Diamond,1969,62AuGbAkt8Ox2IrFFb8GKV
62,Do Wah Diddy Diddy,Manfred Mann,1964,7gEpTMp9MQc1uJwivtL37R
63,Über Sieben Brücken Musst Du Gehn | Über Sieben Brücken Musst Du Gehen,Karat,1979,6lhzUwb3Ggfi1tPR3YoIh6
64,Don't Leave Me This Way,Thelma Houston,1975,51qi5dgc9CsotM87GmRkAX
65,Can't Hold Us (feat. Ray Dalton) | Can't Hold Us,Macklemore,2011,3bidbhpOYeV4knp8AIu8Xn
66,Do You Know? (The Ping Pong Song) | Do You Know? | The Ping Pong Song,Enrique Iglesias,2007,4MloswMM3eu7dHZ7MOzW3i
67,Warum?,Tic Tac Toe,1997,4MloswMM3eu7dHZ7MOzW3i
68,Gimme Hope Jo'Anna,Eddy Grant,1988,09lZ2Mx2NSpzy6KBpX2kDq
69,Wind Of Change,Scorpions,1990,5WSsTyBvMEFG3ac6JKb9gY
70,Le Freak,CHIC,1978,7Kszjzps0xbQXyo1pO4KfE
71,Haus Am See,Peter Fox,2008,7A4KdLy1DXOOC5fhIdDuHz
72,Poker Face,Lady Gaga,2008,5R8dQOPq8haW94K7mgERlO
73,It's A Heartache,Bonnie Tyler,1977,2pag2vElkdroT8hIO4Gozi
74,Jonny B. Goode,Chuck Berry,1958,2QfiRTz5Yc8DdShCxG1tB2
75,White Wedding,Billy Idol,1982,0bvpSvOYt4KTfZIZJmyFOs
76,Rigoletto: "La Donna E' Mobile",Enrico Caruso,1904,7idTMG6EKZy0531lIx8RJ5
77,Without You (feat. Sandro Cavazza) | Without You,Avicii,2017,6Pgkp4qUoTmJIPn7ReaGxL
78,Volare (Nel Blu di Pinto di Blu) | Volare | Nel Blu di Pinto di Blu,Gipsy Kings,1989,4OjJAGDDZTLlTNeOMBl7UM
79,Ca Plane Pour Moi,Plastic Bertrand,1977,71yCMlsD6qbD7NmNUEoVNR
80,Born To Be Alive,Patrick Hernandez,1978,3XIEWK1V9n25PS9Vb6axj5
81,Whola Lotta Love,Led Zeppelin,1969,0hCB0YR03f6AmQaHbwWDe8
82,Ein Kompliment,Sportfreunde Stiller,2002,5QRkWkMabF6HJmQQm2HBVX
83,In The Mood,Glenn Miller,1939,0wAyDBh0ujohCsYeXBtDLF
84,Wahnsinn,Wolfgang Petry,1983,2Nv773K16hckJrb3Ir7wOu
85,Counting Stars,OneRepublic,2013,2tpWsVSb9UEmDRxAl1zhX1
86,Dragostea Din Tei,O-Zone,2003,52Zr0sinhWTCRrQhRRY4EP
87,Everybody Hurts,R.E.M.,1993,6PypGyiu0Y2lCDBN1XZEnP
88,Just Give Me A Reason (feat. Nate Ruess) | Just Give Me A Reason,P!nk | Pink,2012,1mKXFLRA179hdOWQBwUk9e
89,Joyride,Roxette,1991,1ILbD4eWKWvg8ub5qJyBTP
90,(We're Gonna) Rock Around The Clock | Rock Around The Clock,Bill Haley & His Comets | Bill Haley and His Comets | Bill Haley,1954,1uRKT2LRANv4baowBWHfDS
91,Bette Davis Eyes,Kim Carnes,1981,0odIT9B9BvOCnXfS0e4lB5
92,Lambada,Kaoma,1989,32gpJnMZkRafZdQvU7ZzR7
93,Ain't Nobody,Rufus | Chaka Khan,1983,53Za5vyGc1x7GxgJVRjRKc
94,Have You Ever Seen The Rain,Creedence Clearwater Revival,1970,2LawezPeJhN4AWuSB0GtAU
95,(I've Had) The Time Of My Life | The Time Of My Life,Bill Medley | Jennifer Warnes,1987,2Ll0rYVkAHV0QT7P2vknQc
96,Più Bella Cosa,Eros Ramazzotti,1996,0KligwQn4Iy344p2Q5m6k6
97,No Son Of Mine,Genesis,1991,2nHajACLqGsbctpe3Rafh3
98,Happy,Pharrell Williams,2013,60nZcImufyMA1MKQY3dcCH
99,Wonderwall,Oasis,1995,1qPbGZqppFwLwcBC1JQ6Vr
100,You Can't Hurry Love,The Supremes,1966,4H1iMlEWKZmpKTHCZzDhju